City,Lat,Lng,Max Temp,Humidity,Cloudiness,Wind Speed,Country,Date
Yangi Marg`ilon,40.4272,71.7189,24.8,50,75,4.61,UZ,1611435054
La Plata,-34.9215,-57.9545,91.99,42,0,1.99,AR,1611435054
Nanortalik,60.1432,-45.2371,23.16,88,0,7.38,GL,1611435054
Swan River,52.1058,-101.2676,5.0,78,99,9.22,CA,1611435054
Ushuaia,-54.8,-68.3,64.4,36,75,19.57,AR,1611435054
Bhor,18.1667,73.85,69.49,51,24,3.0,IN,1611435055
Atuona,-9.8,-139.0333,78.12,80,2,18.41,PF,1611435055
Palmer,42.1584,-72.3287,25.0,47,0,4.0,US,1611434991
Mareeba,-17.0,145.4333,77.0,73,66,8.05,AU,1611435055
Esim,4.8699,-2.2405,79.18,83,37,8.48,GH,1611435055
Puerto Ayora,-0.7393,-90.3518,82.4,74,40,11.5,EC,1611434836
Rikitea,-23.1203,-134.9692,78.89,66,0,9.95,PF,1611435056
Souillac,-20.5167,57.5167,78.8,83,40,2.3,MU,1611435056
Bredasdorp,-34.5322,20.0403,62.6,94,100,9.22,ZA,1611435056
Punta Arenas,-53.15,-70.9167,59.0,47,0,29.93,CL,1611435056
Hilo,19.7297,-155.09,75.2,69,90,5.03,US,1611434811
Kapaa,22.0752,-159.319,73.0,94,90,20.71,US,1611434812
Moquegua,-17.1956,-70.9353,73.87,44,7,12.12,PE,1611435057
Coralville,41.6764,-91.5805,21.0,58,90,8.05,US,1611435057
Karratha,-20.7377,116.8463,82.56,50,0,14.45,AU,1611435057
Abnūb,27.2696,31.1511,51.8,62,0,5.28,EG,1611435058
Hithadhoo,-0.6,73.0833,82.15,67,92,4.41,MV,1611435058
Arraial do Cabo,-22.9661,-42.0278,84.2,74,0,17.27,BR,1611435058
Ilulissat,69.2167,-51.1,19.4,38,20,6.91,GL,1611435058
Sal Rei,16.1833,-22.9167,71.6,68,89,14.97,CV,1611435058
Wanlaweyn,2.6185,44.8938,74.82,75,100,16.22,SO,1611435059
Norman Wells,65.282,-126.8329,-18.4,76,40,8.05,CA,1611435059
Tigil',57.8,158.6667,-6.63,91,100,0.25,RU,1611435059
Asău,46.4333,26.4,39.0,60,82,4.76,RO,1611435059
Krasne,49.9145,24.6134,37.4,93,0,4.47,UA,1611435059
Vaini,-21.2,-175.2,80.6,89,75,3.71,TO,1611435060
Daru,-9.0763,143.2092,76.75,92,100,9.91,PG,1611435060
San Patricio,28.017,-97.5169,69.8,88,90,14.97,US,1611435060
Henties Bay,-22.116,14.2845,71.01,86,100,1.77,NA,1611435060
Ashquelon,31.6693,34.5715,52.0,66,0,2.3,IL,1611435060
Mataura,-46.1927,168.8643,57.0,81,96,7.0,NZ,1611435061
Cayenne,4.9333,-52.3333,78.8,89,75,5.75,GF,1611435061
Maniitsoq,65.4167,-52.9,18.64,78,0,4.52,GL,1611435061
Qaanaaq,77.484,-69.3632,17.6,79,100,3.69,GL,1611435061
Namatanai,-3.6667,152.4333,80.62,75,92,5.21,PG,1611435061
Jamestown,42.097,-79.2353,21.99,73,90,16.11,US,1611435031
Boa Vista,2.8197,-60.6733,82.4,65,75,5.75,BR,1611435062
Zhangye,38.9342,100.4517,22.14,81,97,9.35,CN,1611435062
Los Llanos de Aridane,28.6585,-17.9182,66.2,77,75,8.05,ES,1611435062
Lexington,37.9887,-84.4777,37.0,40,1,9.22,US,1611435062
Airai,-8.9266,125.4092,61.79,100,93,1.57,TL,1611435063
Pahlgām,34.0333,75.3333,20.73,80,99,6.06,IN,1611435063
Pevek,69.7008,170.3133,-12.12,90,100,10.18,RU,1611434826
Kungur,57.4368,56.9593,3.31,93,100,9.93,RU,1611434820
Ponta do Sol,32.6667,-17.1,61.0,78,100,1.01,PT,1611434836
Hobart,-42.8794,147.3294,62.01,82,20,5.75,AU,1611434958
Saint-Philippe,-21.3585,55.7679,78.8,73,75,6.91,RE,1611435063
Petropavlovsk-Kamchatskiy,53.0452,158.6483,-4.0,65,4,8.95,RU,1611435064
Saskylakh,71.9167,114.0833,-34.08,80,56,5.48,RU,1611435064
Ust-Kuyga,70.0167,135.6,-44.48,77,90,1.72,RU,1611435064
Bubaque,11.2833,-15.8333,77.47,69,5,13.4,GW,1611435064
Verkhnyaya Balkariya,43.1279,43.4573,30.2,80,0,4.47,RU,1611435064
Kirakira,-10.4544,161.9205,82.42,71,100,7.18,SB,1611435065
Bluff,-46.6,168.3333,57.0,81,92,7.0,NZ,1611435065
Te Anau,-45.4167,167.7167,53.26,85,100,7.36,NZ,1611435065
Hermanus,-34.4187,19.2345,62.01,95,99,3.0,ZA,1611435065
Lebu,-37.6167,-73.65,64.29,78,5,18.48,CL,1611435065
Nikolskoye,59.7035,30.7861,33.8,86,90,6.71,RU,1611434833
Gorno-Altaysk,51.9561,85.955,4.06,89,100,2.28,RU,1611435024
Castro,-24.7911,-50.0119,69.26,89,100,4.34,BR,1611435066
Yeniseysk,58.4497,92.1703,-4.07,91,100,4.47,RU,1611435066
Santa Rosa,14.3122,121.1114,78.8,94,75,1.97,PH,1611435066
Siniscola,40.5719,9.6922,51.8,66,20,6.91,IT,1611435066
Chapais,49.7834,-74.8492,5.0,78,75,11.5,CA,1611435066
Los Gatos,37.2266,-121.9747,55.0,66,40,11.5,US,1611435067
Port-Gentil,-0.7193,8.7815,77.0,94,90,2.3,GA,1611435067
Aksarka,66.5606,67.7975,-39.96,82,15,1.34,RU,1611435067
Dikson,73.5069,80.5464,-16.89,90,93,6.46,RU,1611435067
Zhezkazgan,47.8043,67.7144,-8.01,89,0,2.01,KZ,1611435067
Albany,42.6001,-73.9662,21.99,42,2,11.01,US,1611435068
Limbach-Oberfrohna,50.8667,12.75,30.0,91,100,5.21,DE,1611435068
New Norfolk,-42.7826,147.0587,62.01,73,4,2.93,AU,1611435068
Meulaboh,4.1363,96.1285,75.52,90,64,4.23,ID,1611435068
San Cristobal,7.7669,-72.225,86.0,54,40,11.5,VE,1611435068
Hervey Bay,-25.2986,152.8535,75.0,88,54,8.05,AU,1611435069
Butaritari,3.0707,172.7902,79.63,80,73,11.27,KI,1611435069
Tarko-Sale,64.9225,77.785,-44.84,75,0,7.99,RU,1611435069
Tiksi,71.6872,128.8694,-42.18,79,35,5.23,RU,1611435069
Yellowknife,62.456,-114.3525,-18.99,76,75,3.44,CA,1611435069
Hakkâri Province,37.5833,44.1667,14.68,59,46,2.46,TR,1611434848
Samaná,19.2056,-69.3369,84.2,79,20,5.75,DO,1611435070
Tasiilaq,65.6145,-37.6368,14.0,57,24,4.61,GL,1611435070
Serenje,-13.2325,30.2352,63.09,98,100,6.44,ZM,1611435070
West Odessa,31.8424,-102.4988,62.01,59,1,9.22,US,1611435071
Fairbanks,64.8378,-147.7164,21.99,78,75,2.59,US,1611435003
Matara,5.9485,80.5353,72.25,89,1,7.65,LK,1611435071
Genhe,50.7833,121.5167,-1.25,90,98,1.05,CN,1611435071
Hofn,64.2539,-15.2082,34.27,83,100,29.77,IS,1611435071
Igarka,67.4667,86.5833,-37.68,72,0,3.71,RU,1611435072
Carnarvon,-24.8667,113.6333,73.4,64,75,13.8,AU,1611435072
Kaitangata,-46.2817,169.8464,64.0,43,99,11.01,NZ,1611435072
George Town,5.4112,100.3354,78.01,88,20,2.3,MY,1611435072
Paamiut,61.994,-49.6678,21.15,81,0,7.49,GL,1611435072
Pithora,21.2667,82.5167,60.26,37,0,2.19,IN,1611435073
Hamilton,39.1834,-84.5333,34.0,40,1,4.61,US,1611435064
Mahon,39.8885,4.2658,55.4,67,0,20.71,ES,1611435073
Port-Cartier,50.0334,-66.8654,23.0,73,100,10.36,CA,1611435073
Lüderitz,-26.6481,15.1594,72.25,45,100,27.47,NA,1611435074
Evensk,61.95,159.2333,-12.35,83,99,9.06,RU,1611435074
Avarua,-21.2078,-159.775,86.0,66,76,6.91,CK,1611435074
Severo-Kuril'sk,50.6789,156.125,22.35,95,89,31.9,RU,1611435074
Iqaluit,63.7506,-68.5145,12.2,85,20,12.66,CA,1611435074
Khatanga,71.9667,102.5,-26.99,85,100,11.21,RU,1611435074
Yakeshi,49.2833,120.7333,-0.89,91,34,1.81,CN,1611435075
Bom Jesus,-9.0744,-44.3586,78.28,55,66,5.3,BR,1611435075
Fresno,36.6666,-119.8343,52.0,71,75,5.75,US,1611435063
Bānsi,27.1833,82.9333,53.96,75,0,3.74,IN,1611435075
Busselton,-33.65,115.3333,62.01,88,81,3.83,AU,1611434830
Cherskiy,68.75,161.3,-24.34,86,100,5.46,RU,1611435076
Codrington,-38.2667,141.9667,69.13,56,100,7.87,AU,1611435076
Lagoa,39.05,-27.9833,61.95,86,100,16.13,PT,1611435076
Taksimo,56.3444,114.8794,-13.97,83,94,0.45,RU,1611435076
Sivaki,52.6333,126.75,-21.51,86,29,7.2,RU,1611435077
Sambava,-14.2667,50.1667,77.09,87,41,6.93,MG,1611435077
Cape Town,-33.9258,18.4232,68.0,82,75,11.5,ZA,1611434994
Muros,42.7762,-9.0603,55.99,87,100,5.01,ES,1611435077
Lavrentiya,65.5833,-171.0,-2.65,87,88,5.57,RU,1611435077
Shache,38.4167,77.2406,22.57,66,6,5.32,CN,1611435077
Taltal,-25.4,-70.4833,71.71,56,22,5.86,CL,1611435078
Zyryanka,65.75,150.85,-31.25,84,100,6.35,RU,1611435078
Saint Paul Harbor,57.79,-152.4072,41.0,52,1,11.5,US,1611435079
Ngawen,-7.0032,111.3129,74.75,90,100,4.16,ID,1611435079
Ribeira Grande,38.5167,-28.7,62.6,94,75,13.8,PT,1611435079
Husavik,66.0449,-17.3389,30.2,93,90,20.71,IS,1611435080
Makkah al Mukarramah,21.4267,39.8261,75.25,49,3,3.56,SA,1611435047
Ambon City,-3.6954,128.1814,78.8,89,40,6.91,ID,1611435080
Hong Kong,22.2855,114.1577,66.99,86,57,10.18,HK,1611435070
Bethel,41.3712,-73.414,28.4,26,1,16.11,US,1611435081
Comodoro Rivadavia,-45.8667,-67.5,66.2,42,20,16.11,AR,1611435081
Provideniya,64.3833,-173.3,6.31,83,26,2.91,RU,1611435081
Awjilah,29.1081,21.2869,49.98,46,0,6.02,LY,1611435081
Romanovskaya,47.5426,42.0285,34.2,88,100,11.07,RU,1611435081
Antón Lizardo,19.05,-95.9833,84.2,65,90,6.91,MX,1611435081
Bandarbeyla,9.4942,50.8122,74.23,70,100,18.03,SO,1611435082
Russell,32.3502,-85.1999,64.99,27,1,5.75,US,1611435082
Alice Springs,-23.7,133.8833,84.2,51,94,19.57,AU,1611435082
La Ronge,55.1001,-105.2842,-13.0,70,77,6.91,CA,1611435082
Ossora,59.2353,163.0719,-5.89,87,23,3.8,RU,1611435082
Drumheller,51.4617,-112.7101,15.8,79,100,11.5,CA,1611435082
Vágur,61.4732,-6.8119,38.66,74,91,11.12,FO,1611435083
Kendari,-3.945,122.4989,75.83,87,92,3.38,ID,1611435083
Chui,-33.6971,-53.4616,78.42,69,10,12.28,UY,1611435083
Bratslav,48.8226,28.9407,37.0,88,98,11.03,UA,1611435083
Aripuanã,-9.1667,-60.6333,83.23,78,27,1.41,BR,1611435084
Novoagansk,61.9449,76.6625,-44.23,79,98,5.79,RU,1611435085
Kalianget,-7.05,113.9333,79.45,82,100,6.33,ID,1611435085
Barrow,71.2906,-156.7887,6.8,78,1,17.27,US,1611435028
Saint-Joseph,-21.3667,55.6167,78.8,73,75,6.91,RE,1611435085
Yumen,40.2833,97.2,21.02,81,100,25.37,CN,1611435085
Lishui,28.4604,119.9103,48.63,80,93,3.87,CN,1611435085
Turbat,26.0023,63.044,52.14,29,0,12.62,PK,1611435086
Saint-Leu,-21.15,55.2833,78.8,73,75,6.91,RE,1611435086
Kysyl-Syr,63.8986,122.7617,-56.83,56,55,4.63,RU,1611435086
Lompoc,34.6391,-120.4579,51.01,81,90,5.75,US,1611434819
Kuchinarai,16.541,104.05,73.0,98,20,4.99,TH,1611435087
Cortez,37.3489,-108.5859,41.0,65,40,6.91,US,1611435087
Tuktoyaktuk,69.4541,-133.0374,-20.2,76,1,18.41,CA,1611435087
Vila Velha,-20.3297,-40.2925,82.4,74,20,10.36,BR,1611435087
Poli,-3.3333,36.8,60.42,93,100,2.98,TZ,1611435088
Illapel,-31.6308,-71.1653,82.76,38,0,9.15,CL,1611435088
Valparaíso,-33.0393,-71.6273,68.0,68,0,8.05,CL,1611435088
Nuuk,64.1835,-51.7216,23.0,58,1,3.44,GL,1611434870
Ancud,-41.8697,-73.8203,71.01,63,0,9.22,CL,1611435088
Darhan,49.4867,105.9228,6.84,93,100,4.07,MN,1611435088
Hay River,60.8156,-115.7999,-13.0,70,21,3.44,CA,1611434831
Esperance,-33.8667,121.9,64.4,88,90,9.22,AU,1611435089
Anito,12.4497,125.2886,75.83,90,57,4.79,PH,1611435089
Umluj,25.0213,37.2685,71.92,43,40,9.15,SA,1611435089
Aasiaat,68.7098,-52.8699,11.44,81,11,6.53,GL,1611435089
Aklavik,68.2191,-135.0107,-0.4,78,75,6.91,CA,1611435089
Harper,4.375,-7.7169,78.46,87,0,7.74,LR,1611435090
Marystown,47.1666,-55.1483,28.58,90,2,21.72,CA,1611435090
Saldanha,-33.0117,17.9442,66.2,72,94,14.97,ZA,1611435015
Port Elizabeth,-33.918,25.5701,68.0,88,40,18.41,ZA,1611435090
Fare,-16.7,-151.0167,81.0,72,1,14.05,PF,1611435090
Ulaanbaatar,47.9077,106.8832,-11.2,84,0,4.47,MN,1611435091
Flinders,-34.5833,150.8552,73.99,93,0,1.01,AU,1611435091
Talcahuano,-36.7167,-73.1167,66.2,72,0,11.5,CL,1611435091
Chokurdakh,70.6333,147.9167,-37.37,83,86,6.26,RU,1611435091
Lovozero,68.005,35.0117,-3.42,90,97,10.22,RU,1611435091
Srednekolymsk,67.45,153.6833,-29.31,84,100,7.72,RU,1611435092
Mirny,62.5353,113.9611,-48.8,76,49,4.32,RU,1611435092
Mujiayingzi,42.1167,118.7833,20.77,85,96,4.36,CN,1611435092
Hunucmá,21.0167,-89.8667,91.0,35,40,9.22,MX,1611435092
Yar-Sale,66.8333,70.8333,-40.2,81,17,2.68,RU,1611435092
Abomsa,9.9833,39.9833,62.29,39,61,2.46,ET,1611435092
Kerema,-7.9631,145.7785,78.76,76,100,3.96,PG,1611435093
Kieta,-6.2167,155.6333,79.43,68,100,3.58,PG,1611435093
Haines Junction,60.7522,-137.5108,3.2,85,100,1.81,CA,1611435093
Saint-Pierre,-21.3393,55.4781,78.8,73,75,6.91,RE,1611435093
Vestmanna,62.1564,-7.1664,32.0,86,75,12.46,FO,1611435093
Port Lincoln,-34.7333,135.8667,75.52,48,100,10.27,AU,1611435093
Sakakah,29.9697,40.2064,44.6,33,0,4.61,SA,1611435094
Polson,47.6936,-114.1632,30.0,64,88,0.54,US,1611435094
Beloha,-25.1667,45.05,77.79,84,57,12.73,MG,1611435094
Vestmannaeyjar,63.4427,-20.2734,30.96,90,20,27.51,IS,1611435094
Iracoubo,5.4802,-53.2011,77.72,89,100,12.24,GF,1611435094
Pandan,14.0453,124.1694,77.16,82,0,3.02,PH,1611435095
Ust'-Koksa,50.2696,85.6108,-1.05,84,100,2.68,RU,1611435095
Sept-Îles,50.2001,-66.3821,23.0,73,100,10.36,CA,1611435095
Alofi,-19.0595,-169.9187,84.2,74,75,5.75,NU,1611435095
Pangnirtung,66.1451,-65.7125,15.8,73,20,3.44,CA,1611435095
Bambous Virieux,-20.3428,57.7575,80.01,83,40,2.3,MU,1611435095
Nouadhibou,20.931,-17.0347,75.2,50,3,6.91,MR,1611435096
Rafrāf,37.1904,10.1837,53.6,66,40,3.44,TN,1611435096
Bannu,32.9854,70.6027,46.13,38,0,5.95,PK,1611435096
Molugan,8.5375,124.5622,73.99,93,100,5.01,PH,1611435096
Bahía Blanca,-38.7196,-62.2724,104.34,13,0,7.4,AR,1611435096
Bilma,18.6853,12.9164,61.86,25,0,8.12,NE,1611435096
Thompson,55.7435,-97.8558,-9.4,70,90,10.36,CA,1611435097
Hirara,24.8,125.2833,66.18,80,74,27.78,JP,1611435097
Saint George,37.1041,-113.5841,51.01,43,20,5.75,US,1611435097
Belmonte,-15.8631,-38.8828,82.4,78,75,5.75,BR,1611435097
Upernavik,72.7868,-56.1549,20.57,82,98,6.8,GL,1611435097
Swellendam,-34.0226,20.4417,62.6,94,100,9.22,ZA,1611435098
Craig,40.5153,-107.5464,35.6,64,90,21.85,US,1611435098
Berlevåg,70.8578,29.0864,23.02,95,100,29.75,NO,1611435098
Mossamedes,-15.1961,12.1522,74.93,76,82,5.26,AO,1611435098
Hambantota,6.1241,81.1185,73.4,100,0,6.91,LK,1611435099
Dubbo,-32.25,148.6167,75.2,57,0,5.75,AU,1611435006
Saint-François,46.4154,3.9054,39.2,81,75,10.36,FR,1611435099
Jaciara,-15.9653,-54.9683,83.97,71,45,4.23,BR,1611435099
Varhaug,58.6147,5.6457,32.0,93,75,6.91,NO,1611435099
Arica,-18.475,-70.3042,71.6,68,0,14.97,CL,1611435099
Oeiras do Pará,-2.0031,-49.8544,84.61,62,16,2.82,BR,1611435100
Nūzvīd,16.7833,80.85,66.4,93,0,1.95,IN,1611435100
Presidencia Roque Sáenz Peña,-26.7852,-60.4388,91.0,49,71,5.99,AR,1611435100
Kampene,-3.6,26.6667,70.18,95,100,1.3,CD,1611435100
Cidreira,-30.1811,-50.2056,77.68,79,0,20.09,BR,1611435100
Castro Alves,-12.7656,-39.4283,76.5,70,100,9.17,BR,1611435100
Plouzané,48.3833,-4.6167,39.2,93,0,3.44,FR,1611435101
Flin Flon,54.7682,-101.865,-7.6,64,75,10.36,CA,1611435101
Kavaratti,10.5669,72.642,80.91,73,42,10.8,IN,1611435101
Caravelas,-17.7125,-39.2481,76.55,81,98,6.87,BR,1611435101
Örnsköldsvik,63.2909,18.7153,17.6,100,90,5.75,SE,1611435101
Plettenberg Bay,-34.0527,23.3716,68.61,74,54,8.72,ZA,1611434944
Port Alfred,-33.5906,26.891,68.0,94,85,5.99,ZA,1611435102
Seoul,37.5683,126.9778,33.8,80,0,4.61,KR,1611435102
El Porvenir,13.7617,-87.3458,96.8,36,40,13.8,HN,1611435103
Acapulco de Juárez,16.8634,-99.8901,84.2,70,75,10.36,MX,1611434972
Borogontsy,62.6683,131.1683,-52.83,76,100,5.01,RU,1611435103
Monrovia,6.3005,-10.7969,77.0,94,20,8.57,LR,1611435103
Pochutla,15.7432,-96.4661,88.0,51,75,9.22,MX,1611435103
Teahupoo,-17.8333,-149.2667,86.0,66,40,8.05,PF,1611435103
Kuching,1.55,110.3333,77.0,94,40,2.3,MY,1611435104
Kenai,60.5544,-151.2583,36.0,75,90,21.85,US,1611435104
Haselünne,52.6667,7.4833,35.01,93,100,3.4,DE,1611435104
Muravlenko,63.7898,74.523,-45.85,78,43,8.86,RU,1611435104
Wu’an,31.6836,112.0044,44.64,77,46,3.04,CN,1611435104
Olinda,-8.0089,-34.8553,80.6,65,75,12.66,BR,1611435104
Kobrinskoye,59.4225,30.1239,33.8,86,90,6.71,RU,1611435105
Takoradze,4.8845,-1.7554,79.61,81,70,8.88,GH,1611435105
Isangel,-19.55,169.2667,77.67,88,100,7.31,VU,1611435105
Jacmel,18.2342,-72.5347,86.0,54,20,10.36,HT,1611435105
Marsá Maţrūḩ,31.3525,27.2453,51.8,71,0,2.42,EG,1611435105
Senno,59.5336,33.9167,32.74,97,99,5.19,RU,1611435105
Port Moresby,-9.4431,147.1797,77.0,94,75,3.44,PG,1611434942
Tolaga Bay,-38.3667,178.3,73.71,53,15,3.94,NZ,1611435106
Kita,13.0349,-9.4895,75.6,17,100,5.08,ML,1611435106
Zhicheng,30.2956,111.5047,44.01,87,15,2.26,CN,1611435106
Visnes,59.3556,5.2242,36.0,93,20,11.5,NO,1611435106
Nador,35.174,-2.9287,59.0,72,0,8.05,MA,1611435107
Mabaruma,8.2,-59.7833,79.72,74,77,6.8,GY,1611435107
College,64.8569,-147.8028,21.99,78,75,2.59,US,1611435107
Donegal,54.65,-8.1167,33.8,86,0,8.05,IE,1611435107
Touros,-5.1989,-35.4608,82.4,65,40,13.8,BR,1611435107
Rio das Pedras,-22.8433,-47.6061,82.99,57,40,17.27,BR,1611435108
Jiazi,22.8779,116.067,61.52,85,100,16.55,CN,1611435109
Broken Hill,-31.95,141.4333,87.8,18,100,11.5,AU,1611435109
Clyde River,70.4692,-68.5914,-9.4,84,20,5.75,CA,1611435109
Puerto Ayacucho,5.6639,-67.6236,87.62,62,82,3.31,VE,1611434935
Kiunga,-6.1219,141.2906,71.47,98,100,3.36,PG,1611435109
Mar del Plata,-38.0023,-57.5575,82.4,69,0,16.11,AR,1611435024
Torbay,47.6666,-52.7314,26.01,93,90,16.11,CA,1611435110
Paysandu,-32.3214,-58.0756,96.01,38,7,1.99,UY,1611435106
Christchurch,-43.5333,172.6333,64.0,77,100,6.91,NZ,1611434994
Boden,65.8252,21.6886,10.4,92,90,11.5,SE,1611435110
Coffs Harbour,-30.3,153.1333,71.6,73,0,12.66,AU,1611435110
Margate,51.3813,1.3862,37.0,73,0,5.01,GB,1611435111
Ca Mau,9.1769,105.15,73.31,88,77,4.9,VN,1611435111
Breves,-1.6822,-50.4803,85.64,58,17,3.71,BR,1611435111
Cervo,43.6702,-7.4101,52.0,91,100,11.01,ES,1611435111
Chepareria,1.3077,35.2039,60.66,75,47,3.58,KE,1611435112
Visby,57.6409,18.296,37.99,96,100,4.0,SE,1611435112
Gusinoye Ozero,51.1144,106.2614,12.56,92,100,5.41,RU,1611435112
Leningradskiy,69.3833,178.4167,-13.86,83,75,3.58,RU,1611435112
Sitka,57.0531,-135.33,37.4,93,90,7.99,US,1611435112
Neiba,18.5,-71.4167,84.2,84,20,18.41,DO,1611435112
Tilichiki,60.4667,166.1,-11.04,90,0,7.83,RU,1611435113
Honiara,-9.4333,159.95,80.33,70,94,0.76,SB,1611435113
Nikolayevsk-on-Amur,53.1406,140.73,-7.38,84,100,2.93,RU,1611435113
Durant,33.994,-96.3708,51.8,76,90,6.91,US,1611435113
Longyearbyen,78.2186,15.6401,8.6,72,0,11.5,SJ,1611434838
Otane,-39.8833,176.6333,70.0,67,66,17.0,NZ,1611435113
Akdağmadeni,39.6603,35.8836,26.56,83,11,4.03,TR,1611434941
Agadez,19.75,10.25,57.52,28,0,6.24,NE,1611435114
Erzin,36.9559,36.2,46.99,62,59,1.01,TR,1611435114
Ngama,11.7833,17.1667,74.68,18,74,10.78,TD,1611435114
Hualmay,-11.0964,-77.6139,75.99,66,39,8.21,PE,1611435114
Alekseyevsk,57.8406,108.3492,-19.21,85,100,2.44,RU,1611435114
Zhob,31.3411,69.4481,35.69,64,0,4.05,PK,1611435115
Bathsheba,13.2167,-59.5167,82.4,61,20,14.97,BB,1611435115
Xiongyue,40.1774,122.1228,28.17,93,89,5.21,CN,1611435115
Ixtapa,20.7,-105.2,75.2,73,1,10.36,MX,1611435115
Maţāy,28.419,30.7792,49.87,58,0,7.52,EG,1611435017
Lata,40.1629,-8.3327,57.99,94,99,3.0,PT,1611435115
Arrondissement de Saint-Denis,48.9167,2.3333,37.0,93,20,5.75,FR,1611435116
Nishihara,26.1842,127.7558,66.2,77,75,21.85,JP,1611435116
Mildura,-34.2,142.15,71.6,35,97,5.75,AU,1611435116
Kaeo,-35.1,173.7833,71.01,73,6,4.0,NZ,1611435116
Atar,20.5169,-13.0499,67.89,20,96,7.83,MR,1611435116
Vardø,70.3705,31.1107,22.62,96,100,32.3,NO,1611434843
Molchanovo,57.5817,83.7692,-34.2,83,77,6.13,RU,1611435117
Patnāgarh,20.7167,83.15,61.48,38,0,2.91,IN,1611435117
Treinta y Tres,-33.2333,-54.3833,85.03,52,44,14.32,UY,1611435117
Gundorovskiy,46.7805,41.8968,32.11,95,89,12.3,RU,1611435117
Hokitika,-42.7167,170.9667,55.53,79,100,0.22,NZ,1611435117
Hasaki,35.7333,140.8333,39.2,100,75,19.57,JP,1611435118
Beian,63.6559,9.5683,35.6,93,75,12.66,NO,1611435118
Grand Forks,47.9417,-97.4337,26.6,86,90,9.22,US,1611435118
Fortuna,40.5982,-124.1573,53.01,66,1,10.36,US,1611435118
Kloulklubed,7.0419,134.2556,82.69,79,100,16.84,PW,1611435118
Turaif,31.6725,38.6637,39.2,60,0,13.8,SA,1611435119
Dukat,62.55,155.55,-35.23,81,100,4.03,RU,1611435119
Makakilo City,21.3469,-158.0858,78.8,65,40,6.91,US,1611435119
Carbonia,39.1672,8.5222,55.99,71,0,14.97,IT,1611435119
São Filipe,14.8961,-24.4956,74.05,66,52,7.72,CV,1611435119
Chunskiy,56.0815,99.6342,-5.28,91,96,2.01,RU,1611435119
Cabo San Lucas,22.8909,-109.9124,73.99,56,40,11.5,MX,1611435120
Bom Jesus da Lapa,-13.255,-43.4181,85.91,38,89,9.13,BR,1611435120
Godda,24.8333,87.2167,56.14,68,62,2.01,IN,1611435120
Kavieng,-2.5744,150.7967,81.82,76,100,6.46,PG,1611435120
Lom Sak,16.7798,101.2422,66.88,51,0,2.44,TH,1611435120
Porangatu,-13.4408,-49.1486,83.32,70,37,3.74,BR,1611434972
Walvis Bay,-22.9575,14.5053,71.01,78,100,4.61,NA,1611435121
Mandiana,10.6333,-8.6833,73.33,18,0,3.69,GN,1611435121
Ligayan,4.6533,119.4706,80.96,77,100,4.68,PH,1611435121
Nanpiao,41.0982,120.7479,22.15,87,100,1.54,CN,1611435121
Bengkulu,-3.8004,102.2655,76.53,82,93,4.63,ID,1611435122
Tondano,1.3038,124.9112,75.2,94,40,2.3,ID,1611435122
Gao,16.6362,1.637,68.81,19,0,11.25,ML,1611435009
Mahébourg,-20.4081,57.7,78.8,83,40,2.3,MU,1611435122
Ust'-Ilimsk,58.0006,102.6619,-15.21,88,100,1.86,RU,1611435122
Manokwari,-0.8667,134.0833,78.04,76,81,3.98,ID,1611435122
Vacaria,-28.5122,-50.9339,80.01,49,61,4.0,BR,1611435123
Green River,41.5286,-109.4662,24.8,80,90,14.97,US,1611435123
Kristinestad,62.2743,21.376,33.85,91,69,10.71,FI,1611435123
Cedar Rapids,42.0083,-91.6441,19.99,62,90,10.36,US,1611434886
Colombia,20.9881,-77.4297,84.2,51,40,6.91,CU,1611435123
Samsun Province,41.25,36.3333,50.0,37,0,5.75,TR,1611435124
Klaksvík,62.2266,-6.589,32.0,86,75,6.98,FO,1611435124
Adeje,28.1227,-16.726,64.4,77,20,10.36,ES,1611435124
Puerto Escondido,15.85,-97.0667,84.2,70,40,4.61,MX,1611435124
Port Keats,-14.25,129.55,82.02,80,100,8.34,AU,1611435124
Camopi,3.1655,-52.3158,75.94,96,100,3.24,GF,1611435124
Dingle,10.9995,122.6711,74.23,86,100,1.99,PH,1611435125
Isla Vista,34.4133,-119.861,57.99,58,40,10.36,US,1611435044
Río Gallegos,-51.6226,-69.2181,68.0,21,40,3.44,AR,1611435125
Little Current,45.9793,-81.9248,15.01,56,27,8.05,CA,1611435125
Fort Morgan,40.2503,-103.8,41.0,45,1,8.05,US,1611435125
São João da Barra,-21.6403,-41.0511,84.2,54,20,16.11,BR,1611435126
Kruisfontein,-34.0033,24.7314,71.01,76,100,4.0,ZA,1611435126
Kintinku,-5.8833,35.2333,68.7,86,100,2.62,TZ,1611435126
Salalah,17.0151,54.0924,71.6,26,0,11.5,OM,1611435126
Dzilam González,21.2833,-88.9333,86.04,46,0,6.15,MX,1611435126
Nikel,69.4128,30.222,12.2,79,40,17.27,RU,1611435127
Aykhal,66.0,111.5,-38.06,79,56,3.69,RU,1611435127
Guanay,-15.4975,-67.8797,72.34,85,100,0.65,BO,1611435127
Egvekinot,66.3167,-179.1667,-14.91,87,0,1.74,RU,1611435127
Tsabong,-26.0217,22.401,86.61,18,78,7.23,BW,1611435127
Yagodnoye,62.55,149.6667,-24.16,83,100,2.51,RU,1611435128
Faanui,-16.4833,-151.75,81.27,71,3,14.79,PF,1611434828
Okhotsk,59.3833,143.3,-14.51,80,100,9.22,RU,1611435128
Mahibadhoo,3.7833,72.9667,83.19,63,95,5.86,MV,1611435128
Arkadelphia,34.1209,-93.0538,45.0,53,90,3.44,US,1611435128
Nacozari,25.3366,-108.2574,76.24,40,78,7.67,MX,1611435129
Iskateley,67.6803,53.1512,-15.74,86,100,13.24,RU,1611435129
Butterworth,5.3991,100.3638,78.01,88,20,2.3,MY,1611435129
Middle Island,40.8843,-72.9373,32.0,37,3,8.99,US,1611435129
Kahului,20.8947,-156.47,77.0,65,40,18.41,US,1611435130
Luís Correia,-2.8792,-41.6669,84.2,74,75,13.8,BR,1611435130
Stykkisholmur,65.0757,-22.7297,28.78,93,100,31.7,IS,1611435130
East London,-33.0153,27.9116,75.47,79,71,22.35,ZA,1611435130
Tessalit,20.1986,1.0114,65.44,19,0,10.6,ML,1611435130
Neryungri,56.6709,124.6491,-36.49,80,19,3.18,RU,1611435130
Colares,38.7992,-9.4469,60.01,100,100,19.55,PT,1611435131
Mount Gambier,-37.8333,140.7667,64.4,77,100,5.75,AU,1611435131
Obo,5.3998,26.4869,74.59,35,43,5.1,CF,1611435131
Vostok,46.4856,135.8833,3.9,87,0,5.1,RU,1611435131
Tiruchchendur,8.4833,78.1167,77.56,82,92,12.66,IN,1611435131
Sobolevo,54.4299,31.8996,32.97,96,100,9.75,RU,1611434835
Saint Anthony,45.0205,-93.218,21.2,79,90,12.66,US,1611435132
Gberia Fotombu,9.8833,-11.1667,73.87,19,8,4.59,SL,1611435132
Konosha,60.9736,40.257,26.31,99,100,7.02,RU,1611435132
Ponta Delgada,37.7333,-25.6667,63.0,100,75,12.66,PT,1611435132
Tlacotepec (San Mateo),20.0667,-97.8667,74.5,56,20,6.4,MX,1611435133
Ahipara,-35.1667,173.1667,68.04,67,23,8.43,NZ,1611435133
Phan Thiet,10.9333,108.1,70.93,88,83,5.23,VN,1611435133
Narsaq,60.9167,-46.05,26.6,33,1,23.02,GL,1611435133
Athabasca,54.7169,-113.2854,-9.4,70,12,4.38,CA,1611434968
Basiad,14.1562,122.3375,75.18,88,13,1.83,PH,1611435133
Hobyo,5.3505,48.5268,76.78,73,93,20.65,SO,1611435134
Labuhan,-6.8844,112.2051,78.37,83,100,5.79,ID,1611435134
Diffa,13.3154,12.6113,67.95,21,33,8.97,NE,1611435134
Celestún,20.8667,-90.4,81.84,59,0,8.9,MX,1611435134
Belfast,54.5833,-5.9333,33.01,93,29,5.75,GB,1611434918
Hvolsvollur,63.7533,-20.2243,23.52,90,33,14.38,IS,1611435134
Elizabeth City,36.2946,-76.2511,44.6,31,1,14.97,US,1611435135
Moree,-29.4667,149.85,68.0,73,0,12.66,AU,1611435135
Enshi,30.3,109.4833,48.33,78,99,1.01,CN,1611435135
Sumenep,-7.0167,113.8667,78.58,84,100,4.94,ID,1611435135
Banda Aceh,5.5577,95.3222,77.05,82,67,7.92,ID,1611435135
Nago,26.5881,127.9761,66.2,77,75,21.85,JP,1611435136
Athens,37.9795,23.7162,59.0,72,75,11.5,GR,1611434982
Geraldton,-28.7667,114.6,69.8,78,90,10.36,AU,1611435136
Imeni Zhelyabova,58.9544,36.5956,33.94,98,100,5.86,RU,1611435136
Ashland,40.8167,-82.2665,26.6,50,1,6.91,US,1611435136
Skibbereen,51.55,-9.2667,35.6,93,90,4.61,IE,1611435136
Constitución,-35.3333,-72.4167,66.81,70,14,6.8,CL,1611435137
Manga,11.6636,-1.0731,73.87,18,13,8.9,BF,1611435137
Maraã,-1.8333,-65.3667,81.23,84,65,3.18,BR,1611435137
Lékoni,-1.5843,14.2591,75.43,77,100,7.11,GA,1611435137
Sarāhan,31.5167,77.8,34.59,85,100,1.48,IN,1611435137
Varnavino,57.4035,45.0916,33.48,99,100,5.97,RU,1611435138
Črnomelj,45.5711,15.1889,46.0,81,99,5.75,SI,1611435138
Tuatapere,-46.1333,167.6833,57.0,81,99,7.0,NZ,1611435138
Rūdsar,37.1376,50.288,37.4,75,0,4.61,IR,1611435138
Lorengau,-2.0226,147.2712,80.89,74,82,2.98,PG,1611435138
Tomohon,1.3346,124.8392,75.2,94,40,2.3,ID,1611435138
Inta,66.0317,60.1659,-21.87,75,0,6.85,RU,1611435139
Houma,29.5958,-90.7195,61.0,100,90,9.22,US,1611435139
Cherepovets,59.1333,37.9,32.0,100,90,4.47,RU,1611435139
Amahai,-3.3333,128.9167,82.0,87,100,4.76,ID,1611435139
Pāsighāt,28.0667,95.3333,60.44,52,69,3.18,IN,1611435140
Sandwick,60.0,-1.25,39.2,70,75,11.5,GB,1611435140
Emerald,-23.5333,148.1667,69.01,88,0,5.75,AU,1611435140
Anlu,31.1661,112.5831,46.02,77,62,2.35,CN,1611435140
Dunedin,-45.8742,170.5036,64.0,55,63,7.0,NZ,1611435140
Norrtälje,59.758,18.705,37.0,93,0,8.05,SE,1611435140
San Juan,-31.5375,-68.5364,100.15,11,0,10.54,AR,1611435039
Mehamn,71.0357,27.8492,21.56,94,100,26.64,NO,1611434843
Najrān,17.4924,44.1277,51.8,37,0,1.57,SA,1611435141
Luwuk,-0.9516,122.7875,79.03,70,100,4.27,ID,1611435141
Suez,29.9737,32.5263,53.91,41,0,8.25,EG,1611435141
Buenaventura,3.8801,-77.0312,73.0,62,100,6.31,CO,1611435141
Coruripe,-10.1256,-36.1756,78.15,76,78,8.9,BR,1611435071
Champerico,14.3,-91.9167,89.6,45,75,6.91,GT,1611435142
Gold Coast,-28.0,153.4333,73.0,78,40,6.08,AU,1611435142
Santa Cruz de la Sierra,-17.8,-63.1667,78.8,78,75,5.75,BO,1611435142
Foki,56.693,54.3499,7.41,95,100,8.66,RU,1611435142
Oktyabr'skiy,54.4815,53.471,10.89,95,100,10.98,RU,1611435142
Mjölby,58.326,15.1237,32.0,93,90,2.3,SE,1611435143
Avera,33.194,-82.5271,59.0,36,1,9.22,US,1611435143
Birjand,32.8663,59.2211,19.4,19,0,4.61,IR,1611434905
Bermeo,43.4209,-2.7215,53.01,100,75,2.3,ES,1611435143
Coyhaique,-45.5752,-72.0662,68.0,22,0,11.5,CL,1611435144
Baruun-Urt,46.6806,113.2792,5.76,88,2,10.67,MN,1611435144
Turukhansk,65.8167,87.9833,-38.85,76,14,7.47,RU,1611435144
Abu Samrah,35.3029,37.1841,40.55,66,14,7.83,SY,1611435144
Havre-St-Pierre,50.2334,-63.5986,23.0,93,90,16.11,CA,1611435144
Naryan-Mar,67.6713,53.087,-17.57,86,100,12.03,RU,1611435145
Clarence Town,-32.5833,151.7833,75.0,68,0,4.61,AU,1611435145
Pacific Grove,36.6177,-121.9166,54.0,76,1,6.91,US,1611434855
Mumbai,19.0144,72.8479,73.4,78,0,6.96,IN,1611434953
Isabela,6.7085,121.9711,76.82,82,100,1.41,PH,1611435145
Aizpute,56.7167,21.6,37.4,93,90,10.36,LV,1611435145
Sorong,-0.8833,131.25,79.56,81,83,3.51,ID,1611435146
Virovitica,45.8319,17.3839,44.01,83,73,10.36,HR,1611435146
Luzhou,28.8724,105.4405,54.73,79,100,2.1,CN,1611435146
Samfya,-11.3649,29.5565,67.21,91,100,4.0,ZM,1611435017
Blagoyevo,63.3667,47.9167,-0.15,92,100,10.74,RU,1611435146
São Paulo de Olivença,-3.3783,-68.8725,73.56,94,100,2.48,BR,1611435147
Vao,-22.6667,167.4833,76.33,80,100,26.46,NC,1611435147
Wang Saphung,17.301,101.7685,68.0,65,0,0.89,TH,1611435147
Nouakchott,18.0858,-15.9785,71.6,8,51,8.05,MR,1611435147
Hanzhong,33.0728,107.0303,46.06,56,100,1.74,CN,1611435147
Tursunzoda,38.5144,68.2333,10.4,85,0,4.47,TJ,1611435147
Pisco,-13.7,-76.2167,80.6,57,0,11.5,PE,1611435148
Kostomuksha,64.571,30.5767,32.25,98,100,8.75,RU,1611435148
Jiangkou,25.4872,119.1986,53.6,87,75,13.42,CN,1611435148
Rocha,-34.4833,-54.3333,82.96,56,2,15.3,UY,1611435148
Kuito,-12.3833,16.9333,64.18,75,97,6.6,AO,1611435148
Myitkyina,25.3833,97.4,58.8,71,33,1.81,MM,1611435148
Santa Flavia,38.085,13.5351,55.99,60,0,14.0,IT,1611435149
Mackay,-21.15,149.2,73.4,83,40,8.05,AU,1611435149
Moose Factory,51.2585,-80.6094,-0.4,65,1,9.22,CA,1611435149
Marzuq,14.4,46.4667,55.65,39,68,2.13,YE,1611435149
Hermosillo,29.0667,-110.9667,70.0,49,20,4.61,MX,1611435007
Piracaia,-23.0539,-46.3581,80.6,88,75,2.3,BR,1611435150
Winnemucca,40.973,-117.7357,37.4,70,1,6.91,US,1611435150
Okakarara,-20.5833,17.4333,72.03,79,100,3.27,NA,1611435150
Shellbrook,53.2168,-106.4011,-7.6,64,40,12.66,CA,1611435150
Esil,51.9556,66.4042,-21.48,84,96,1.79,KZ,1611435150
Amapá,1.0,-52.0,77.65,93,100,3.44,BR,1611435151
Port Augusta,-32.5,137.7667,82.0,38,100,4.61,AU,1611435151
Uzhur,55.3036,89.8339,-4.38,87,100,5.55,RU,1611435151
Tamasopo,21.9333,-99.4833,79.0,55,100,3.87,MX,1611435151
Nguruka,-5.1092,31.0419,65.77,90,100,1.57,TZ,1611435151
Cap Malheureux,-19.9842,57.6142,80.01,74,0,1.99,MU,1611435152
Vilhena,-12.7406,-60.1458,75.2,94,75,10.36,BR,1611435152
Batagay-Alyta,67.8006,130.4114,-38.27,74,78,1.39,RU,1611435152
Marawi,7.9986,124.2928,73.99,93,100,5.01,PH,1611435152
Tautira,-17.7333,-149.15,86.0,66,40,8.05,PF,1611435152
Batemans Bay,-35.7167,150.1833,69.01,93,8,1.99,AU,1611435152
Kropotkin,45.4375,40.5756,35.01,83,58,6.4,RU,1611435153
Naranjal,-2.6667,-79.6167,87.01,66,40,3.44,EC,1611435153
La Palma,33.8464,-118.0467,54.0,81,90,5.75,US,1611435153
Oranjemund,-28.55,16.4333,64.63,81,93,15.79,NA,1611435153
Bakel,14.905,-12.4568,77.13,14,98,10.22,SN,1611435153
Ganzhou,28.8184,115.4327,44.98,86,0,2.66,CN,1611435154
Dunkwa,5.9656,-1.78,76.35,67,32,4.59,GH,1611435154
Luba,3.4568,8.5547,80.6,83,20,5.75,GQ,1611435154
Chara,56.9064,118.2631,-25.42,80,42,0.09,RU,1611435154
Socond,47.5667,22.95,46.4,71,90,3.44,RO,1611435154
Oddur,4.1213,43.8894,75.76,43,69,13.62,SO,1611435155
Kikuyu,-1.2458,36.6633,64.4,77,75,11.5,KE,1611435155
Umba,66.6871,34.3429,7.07,94,100,15.61,RU,1611435155
Katherine,-14.4667,132.2667,78.8,89,90,8.05,AU,1611435155
Ostrovnoy,68.0531,39.5131,4.77,93,100,15.93,RU,1611435156
Nhulunbuy,-12.2333,136.7667,77.0,94,100,3.44,AU,1611435156
Jacqueville,5.2052,-4.4146,80.6,89,20,3.44,CI,1611435156
Bud,39.447,-86.1758,33.01,55,48,6.42,US,1611434918
Kununurra,-15.7667,128.7333,77.0,100,100,3.44,AU,1611435156
Bagdarin,54.4333,113.6,-1.3,86,100,3.4,RU,1611435156
Khandyga,62.6667,135.6,-45.65,78,100,1.41,RU,1611435157
Ilo,-17.6394,-71.3375,73.33,68,18,7.49,PE,1611435157
Gaza,31.5,34.4667,52.0,70,0,2.3,PS,1611435157
Zuwārah,32.9312,12.082,57.9,68,0,7.36,LY,1611435127
Erdenet,49.0333,104.0833,6.13,94,100,3.47,MN,1611435158
Westport,41.1415,-73.3579,32.0,35,28,17.25,US,1611435158
Vung Tau,10.346,107.0843,74.79,85,88,14.25,VN,1611435060
Pimentel,-6.8367,-79.9342,84.2,51,0,18.41,PE,1611435158
Abbeville,50.1,1.8333,34.0,70,6,8.46,FR,1611435066
Pontianak,-0.0333,109.3333,77.0,94,90,2.3,ID,1611435159
High Level,58.5169,-117.136,-13.0,84,75,6.91,CA,1611435159
Palauig,15.435,119.9045,78.08,79,100,4.52,PH,1611435159
Skjervøy,70.0311,20.9714,11.57,95,46,27.31,NO,1611435159
Itatiba,-23.0058,-46.8389,82.4,57,40,17.27,BR,1611435159
Muroto-misakicho,33.2833,134.15,55.81,84,92,17.96,JP,1611435159
Nadym,65.5333,72.5167,-43.82,81,33,3.94,RU,1611435160
Beringovskiy,63.05,179.3167,-9.36,88,1,3.27,RU,1611435160
Karatuzskoye,53.6072,92.8667,2.46,89,97,2.37,RU,1611435160
Mangan,27.5167,88.5333,53.11,43,100,2.84,IN,1611435161
Cockburn Town,21.4612,-71.1419,80.6,69,40,6.91,TC,1611435161
Departamento de Maldonado,-34.6667,-54.9167,89.6,55,20,11.5,UY,1611435162
Bezerros,-8.2333,-35.7969,74.23,70,82,14.54,BR,1611435129
Biltine,14.5333,20.9167,71.83,19,16,9.75,TD,1611435162
Shimoda,34.6667,138.95,37.0,94,100,5.01,JP,1611435162
Buluang,13.3068,123.3425,74.61,88,43,2.21,PH,1611435162
Abéché,13.8292,20.8324,72.48,19,13,8.25,TD,1611435163
Talnakh,69.4865,88.3972,-35.63,65,59,1.12,RU,1611435163
Ilfracombe,51.2093,-4.1134,34.0,88,2,1.99,GB,1611435163
Kaohsiung City,22.6163,120.3133,66.2,94,40,3.44,TW,1611435127
Grindavik,63.8424,-22.4338,30.2,74,75,27.63,IS,1611435163
Garoowe,8.4054,48.4845,65.55,67,99,11.36,SO,1611435164
Poronaysk,49.2167,143.1167,-2.92,90,62,3.4,RU,1611435164
Pavlovsk,50.4578,40.1081,34.41,96,100,10.42,RU,1611435164
Andenes,69.3143,16.1194,21.2,68,20,11.5,NO,1611435164
Tucuruí,-3.7661,-49.6725,81.41,84,56,0.87,BR,1611435164
Quetigny,47.3167,5.1167,41.0,81,75,10.36,FR,1611435165
Necochea,-38.5473,-58.7368,85.87,42,0,15.61,AR,1611435165
Wollongong,-34.4333,150.8833,73.99,89,1,1.01,AU,1611435165
Muriwai Beach,-36.8167,174.45,68.0,88,92,1.99,NZ,1611435017
Igrim,63.1906,64.4162,-39.08,80,9,1.99,RU,1611435165
Okha,53.5739,142.9478,-10.37,85,100,3.74,RU,1611435165
Tutóia,-2.7619,-42.2744,84.2,74,75,13.8,BR,1611435166
Broome,42.2506,-75.833,19.99,73,90,18.41,US,1611435166
